Category,Title,Price,Rating,Product Image,Link
Bath Tub,Plantex Bathtub For Bathroom/Bath tub for Adults/Deep Soaker Bathtub with Overflow and Waste Coupling Accessories (White - 1670 mm),"14,999.",3.7 out of 5 stars,https://m.media-amazon.com/images/I/41RKY2F6vxL._SY300_SX300_QL70_ML2_.jpg,https://amzn.to/48XS4bJ
Bath Tub,Hindware Marina Plus Bathtub for Bathroom | ABS Body | Floor Mount | White | Size: 5.51 x 2.51 x 1.48 ft (LxWxH) | 1 Year Warranty | Fixing Kit & Accessories Not Included,"12,749.",3.6 out of 5 stars,https://m.media-amazon.com/images/I/31wM5or7l8L._SY300_SX300_QL70_ML2_.jpg,https://amzn.to/4cYoxRM
Bath Tub,MADONNA Bonn Acrylic 4.5 feet Bathtub with Drainage Accessories (White),"16,399.",4.1 out of 5 stars,https://m.media-amazon.com/images/I/41mqDfFzpaL._SY300_SX300_QL70_ML2_.jpg,https://amzn.to/48e0w6z
Bath Tub,"LANCY Freestanding Bathtub 150 cm – White Glossy Acrylic Soaking Tub with Overflow Drain, Brass Pop-Up Waste Coupling & Waste Pipe, 6-Layer Reinforced Standalone Bath Tub","39,999.",5.0 out of 5 stars,https://m.media-amazon.com/images/I/41PNKddOetL._SY300_SX300_QL70_ML2_.jpg,https://amzn.to/4cYoDJ8
Bath Tub,MADONNA Voyage Acrylic Rectangular 5.5 feet Bath Tub for adults - White,"16,899.",4.5 out of 5 stars,https://m.media-amazon.com/images/I/31Mg1c0greL._SX300_SY300_QL70_ML2_.jpg,https://amzn.to/4sJlx09
Bath Tub,Hindware Marina Bathtub for Bathroom | ABS Body | Floor Mount | White | Size: 4.99 x 2.51 x 1.48 ft (LxWxH) | 1 Year Warranty | Fixing Kit & Accessories Not Included,"12,749.",4.4 out of 5 stars,https://m.media-amazon.com/images/I/31DGogzTZ5L._SY300_SX300_QL70_ML2_.jpg,https://amzn.to/48CiAYn
Bath Tub,MOON Acrylic Free Standing Bathtub - White (170cm) | Spacious & Luxurious Design for Comfortable Soaking Experience | Ideal for Relaxation & Home Spa (Moon White 170),"30,699.",3.6 out of 5 stars,https://m.media-amazon.com/images/I/41+1AA80zrL._SY300_SX300_QL70_ML2_.jpg,https://amzn.to/4cqO8mb
Bath Tub,"ERIS Freestanding Bathtub 170 cm – White Glossy Acrylic Soaking Tub with Overflow Drain, Brass Pop-Up Waste & Waste Pipe, 6-Layer Reinforced Standalone Bath Tub","42,999.",3.6 out of 5 stars,https://m.media-amazon.com/images/I/41pXjLkU8SL._SY300_SX300_QL70_ML2_.jpg,https://amzn.to/4mLswEF
Bath Tub,"MARTIZ Whirlpool Massaging Bathtub 170cm | Whirlpool Tub with 6 Waterjets, LED Color Lights, Waterfall, Hand Shower & Temperature Display – White","9,408.",3.6 out of 5 stars,https://m.media-amazon.com/images/I/414VULzt3PL._SY300_SX300_QL70_ML2_.jpg,https://amzn.to/4mNtXCs
Bath Tub,"ORRY Freestanding Bathtub 160 cm – White Glossy Acrylic Soaking Tub with Overflow Drain, Brass Pop-Up Waste & Waste Pipe, 6-Layer Reinforced Standalone Bath Tub","42,999.",3.6 out of 5 stars,https://m.media-amazon.com/images/I/415Y+dCVX4L._SY300_SX300_QL70_ML2_.jpg,https://amzn.to/3OU9dwk
Dining Table,"Driftingwood Maharaja Solid Sheesham Wood Dining Table 4 Seater | Wooden Four Seater Dinning Table With Cushion Chairs | Dinner Table 4 Seater | Dining Room Set Furniture | Self Assembly, Honey Finish","16,949.",4.6 out of 5 stars,https://m.media-amazon.com/images/I/41MinUgdGmL._SX300_SY300_QL70_ML2_.jpg,https://amzn.to/4vLgz5L
Dining Table,AADITYA WOODS Solid Sheesham Wood Four Seater Dining Table Set with 4 Chairs for Living Room Home Wooden 4 Seater Dining Table Set for Office Restaurant Modern Dining Room Set- Walnut & Beige,"14,414.",4.5 out of 5 stars,https://m.media-amazon.com/images/I/41FVc+32XpL._SX300_SY300_QL70_ML2_.jpg,https://amzn.to/3QlTeYp
Dining Table,"Callas 4 Seater Dining Table Set for Home | Compact Modern Dining Table with 4 Chairs | Ideal for Kitchen, Dining Room – Walnut Finish","9,219.",3.8 out of 5 stars,https://m.media-amazon.com/images/I/5175Wot+gdL._SY300_SX300_QL70_ML2_.jpg,https://amzn.to/4d0uGNi
Dining Table,"WOODBONE 4 Seater Wood Dining Table 4 Seater || Wooden Dining Table 4 Seater || Dining Room Furniture || Dining Table Set || 4 Seater Dining Table with Chair || 4 Seater, Honey Finis","12,999.",5.0 out of 5 stars,https://m.media-amazon.com/images/I/51PvnPQ5x4L._SY300_SX300_QL70_ML2_.jpg,https://amzn.to/4ctIr6Y
Dining Table,"Sheesham Wood 4 Chair with 1 Bench Dining Table Set with Cushioned Chairs for Dining Room | Living Room | Home & Office | Hotels Restaurant (6 Seater with Bench, Walnut)","23,999.",4.5 out of 5 stars,https://m.media-amazon.com/images/I/41sCFBV+T0L._SY300_SX300_QL70_ML2_.jpg,https://amzn.to/4eDTWdr
Dining Table,Amazon Brand - Solimo Virgo Solid Sheesham Wood 6 seater Dining Table with Chairs (Teak Finish),"26,999.",3.8 out of 5 stars,https://m.media-amazon.com/images/I/51o8vVusc1L._SY300_SX300_QL70_ML2_.jpg,https://amzn.to/4mQZ5kG
Dining Table,"SHRI MINTU'S ART Wooden 4 Seater Dining Table Set | Four Seater Dinning Table with Cushioned Chairs for Home | Dining Room Furniture for Kitchen & Restaurants | Solid Wood Sheesham, Honey","18,999.",4.3 out of 5 stars,https://m.media-amazon.com/images/I/51uLINB7ZmL._SY300_SX300_QL70_ML2_.jpg,https://amzn.to/3QpESX2
Dining Table,Sheesham Wood 6 Seater Dining Table with Cushioned Chair for Living Room Home Dining Room Furniture Set (Honey),"24,609.",5.0 out of 5 stars,https://m.media-amazon.com/images/I/51IGEFQLRQL._SY300_SX300_QL70_ML2_.jpg,https://amzn.to/4com5Us
Dining Table,Amazon Brand - Solimo Dorado Glass 4 Seater Dining Set (Black),"12,999.",4.0 out of 5 stars,https://m.media-amazon.com/images/I/51r+eTEyuXL._SX300_SY300_QL70_ML2_.jpg,https://amzn.to/4cwRClK
Dining Table,SONA ART & CRAFTS Poster Solid Sheesham Wood Dining Table Set 6 Seater Dinner Dinning Table with 6 Chair for Dining Furniture for Living Room Home Hotel Office Self Assembly (Dark Walnut),"31,299.",4.5 out of 5 stars,https://m.media-amazon.com/images/I/41fms3hWe8L._SY300_SX300_QL70_ML2_.jpg,https://amzn.to/4mL4eKI
Door,"NIKI WPC Door 30mm Waterproof & Termite-Proof,Stylish Door for Bathroom,Bedroom,Balcony,Office & Kitchen | 550 Density | Durable |(Frame Not Included)-21.6KG(78 x 27 inch) -Walnut, Brown","5,739.",4.2 out of 5 stars,https://m.media-amazon.com/images/I/413x6V+quOL._SY300_SX300_QL70_ML2_.jpg,https://amzn.to/48dYZNY
Door,"Plantex WPC Doors for Bathroom (30 mm - Thickness)/Waterproof Bathroom Door/2.25x6.75 Feet Wooden Finished Door for Home/Balcony/Office/Kitchen, Density-550 (27x81 inch,22 kg- Ember Pattern)","5,679.",4.5 out of 5 stars,https://m.media-amazon.com/images/I/41PQOo3UujL._SY300_SX300_QL70_ML2_.jpg,https://amzn.to/4mJ0pWJ
Door,"LAPO WPC Door 25mm for Bathroom,Home,Waterproof & Termiteproof,Door for Entrance,Office,Balcony,Kitchen (Without Frame) 30x84 inch,Destiny-600-(22Kg- Wooden)-511, Brown Colour","4,512.",4.6 out of 5 stars,https://m.media-amazon.com/images/I/41aBUR18jvL._SY300_SX300_QL70_ML2_.jpg,https://amzn.to/4mVqyBB
Door,"Niki WPC Door 30mm Waterproof & Termite-Proof,Stylish Door for Bathroom,Bedroom,Balcony,Office & Kitchen | 550 Density | Durable |(Frame Not Included) 21.600 KG(75 x 27 inch)-Ivory White","4,512.",4.1 out of 5 stars,https://m.media-amazon.com/images/I/41OAWoF0GHL._SY300_SX300_QL70_ML2_.jpg,https://amzn.to/4mO639Y
Door,Durian Wooden Door for Home and Bathroom |Laminate Finish |Termite-Resistant & Anti-Warping | 5’’ Resize Option |Dark Walnut Color| 30mm Thickness |(Frame Not Included) |29 * 84Inch (2.4x7Ft),"6,889.",5.0 out of 5 stars,https://m.media-amazon.com/images/I/41h6xF09jwL._SY300_SX300_QL70_ML2_.jpg,https://amzn.to/3OnwXc6
Door,Durian Wooden Door for Home and Bathroom |Laminate Finish |Termite-Resistant & Anti-Warping | 5’’ Resize Option |Dark Walnut Color| 30mm Thickness |(Frame Not Included) |29 * 84 Inch (2.4x7Ft),"9,858.",4.2 out of 5 stars,https://m.media-amazon.com/images/I/412oG2FPcAL._SY300_SX300_QL70_ML2_.jpg,https://amzn.to/4mLBFwJ
Door,Durian Wooden Door for Home and Bathroom |Laminate Finish |Termite-Resistant & Anti-Warping | 5’’ Resize Option |Teak Color| 30mm Thickness |(Frame Not Included) |32 * 84Inch (2.7x7Ft),"6,889.",3.8 out of 5 stars,https://m.media-amazon.com/images/I/41kE9n7kPCL._SY300_SX300_QL70_ML2_.jpg,https://amzn.to/4mLFl1x
Door,"Floresta WPC Door| European Technology| Actual WPC| Thickness 30mm| Size 81x30| Weight 26kg| 550 kg/m³ Density| Life Time Warranty Termite/Borer-Water/Moisture Proof, Fire Retardant| Eco Friendly","9,399.",Previous page,https://m.media-amazon.com/images/I/514jA-vsDuL._SY300_SX300_QL70_ML2_.jpg,https://amzn.to/4eAXTQ2
Door,"Floresta WPC Door| European Technology| Actual WPC| Thickness 30mm| Size 81x30| Weight 26kg| 550 kg/m³ Density| Life Time Warranty Termite/Borer-Water/Moisture Proof, Fire Retardant| Eco Friendly","6,959.",Previous set of slides,https://m.media-amazon.com/images/I/41td+Inr68L._SY300_SX300_QL70_ML2_.jpg,https://amzn.to/4e4lKHI
Door,"Darwajewla Premium WPC Door | Waterproof, Termite-Proof & Durable | Ideal for Bathroom, Bedroom & Indoor Use (Teak, 81x30)","11,999.",Previous page,https://m.media-amazon.com/images/I/41L9Q2aLvUL._SY300_SX300_QL70_ML2_.jpg,https://amzn.to/4eDcZ7J
King Bed,"Interio by Godrej Bed, Hannah King Size Engineered Wood Bed with Box Storage, 1-Year Warranty, Cola-Rain, Prelaminated Particle Board","38,490.",3.6 out of 5 stars,https://m.media-amazon.com/images/I/41YHRCEdx7L._SY300_SX300_QL70_ML2_.jpg,https://amzn.to/4cFKGDc
King Bed,Nilkamal Daffodil Wooden King Bed with Box Storage | Designer Headboard with Storage | Engineered Wood | Walnut,"22,990.",3.6 out of 5 stars,https://m.media-amazon.com/images/I/41mJCZcbItL._SY300_SX300_QL70_ML2_.jpg,https://amzn.to/48S5iqz
King Bed,Nilkamal Arthur Plus Wooden King Bed with Box Storage| Engineered Wood | 1 Year Warranty |Contemporary Design | Legno Oak Dark,"13,890.",2.9 out of 5 stars,https://m.media-amazon.com/images/I/41V5n3MrCuL._SY300_SX300_QL70_ML2_.jpg,https://amzn.to/4e480ge
King Bed,"DF2H Bed | 1 Year Warranty | King Size, Caily, Low Seating Height Bed, Non-Woven Fabric Base Wenge Colour (Melamine Finish)","9,999.",Previous page,https://m.media-amazon.com/images/I/41vzO7ASgnL._SY300_SX300_QL70_ML2_.jpg,https://amzn.to/4mMHf2a
King Bed,Royal Aura Upholstered King Size Bed with Box Storage for Bedroom | Elegant Wooden Double Bed with Storage | Platform Cot Palang with Tufted Headboard | 6.5 x 6 Ft | Sheesham Wood | Navy,"28,999.",4.2 out of 5 stars,https://m.media-amazon.com/images/I/419XmymPSkL._SY300_SX300_QL70_ML2_.jpg,https://amzn.to/4mND5H9
King Bed,Nilkamal Arthur Plus Wooden King Bed Without Storage | Engineered Wood | 1 Year Warranty |Contemporary Design | Legno Oak Dark,"13,890.",2.4 out of 5 stars,https://m.media-amazon.com/images/I/41HlaXimefL._SY300_SX300_QL70_ML2_.jpg,https://amzn.to/4sUntD3
King Bed,"Acacia Modern Upholstered King Size Bed for Bedroom | Wooden Double Bed | Platform Cot Bed with Upholstery Premium Fabric | 6.5 x 6 Ft | Sheesham Solid Wood (Rosewood, Greydust)","20,998.",4.1 out of 5 stars,https://m.media-amazon.com/images/I/51Ta9m90xjL._SX300_SY300_QL70_ML2_.jpg,https://amzn.to/41Q3r1D
King Bed,WOODLAB Furniture Solid Sheesham Wood Mayor King Size Bed with Box and Headboard Storage for Home Bedroom Wooden Double Beds Furniture for Living Room Hotels (Honey Finish),"31,599.",4.1 out of 5 stars,https://m.media-amazon.com/images/I/41JV9vhZUAL._SX300_SY300_QL70_ML2_.jpg,https://amzn.to/4u3WOoj
King Bed,Nilkamal Willy Wooden King Bed with Box Storage | Engineered Wood | Contemporary Design | Wenge,"19,990.",3.7 out of 5 stars,https://m.media-amazon.com/images/I/41TrbkiThdL._SY300_SX300_QL70_ML2_.jpg,https://amzn.to/4u9I1sB
King Bed,"Amazon Brand - Solimo Amber Box Storage Bed, King Size, Multiple Door Options, with Headboard Storage (Leon Teak Fluted Door, King)","16,999.",3.8 out of 5 stars,https://m.media-amazon.com/images/I/41oLd8RGeYL._SY300_SX300_QL70_ML2_.jpg,https://amzn.to/42pJUoU
Kitchen Platform,"Madesa Compact Kitchen Set with Cabinets Ample Storage 120 Cm Wide with Multiple Compartments, 5 niches, 1 Drawers and PVC feet - Brown/Black","24,199.",3.1 out of 5 stars,https://m.media-amazon.com/images/I/41lcm7gZSKL._SY300_SX300_QL70_ML2_.jpg,https://amzn.to/4eCJZgk
Kitchen Platform,"Madesa Compact Kitchen Set with Cabinets Ample Storage 229 Cm Wide with Multiple Compartments, 10 niches, 1 Drawers and PVC feet - Brown/Black","38,999.",4.5 out of 5 stars,https://m.media-amazon.com/images/I/41CsWwvuGML._SY300_SX300_QL70_ML2_.jpg,https://amzn.to/4eCirYn
Kitchen Platform,"Madesa Full Modular Kitchen Complete Set with Cabinets, Ample Storage 229 Cm Wide with Multiple Compartments, 4 Cabinets, 2 Pull-Out Drawers, Wall Hang - Brown","31,399.",4.5 out of 5 stars,https://m.media-amazon.com/images/I/41I755IVyEL._SY300_SX300_QL70_ML2_.jpg,https://amzn.to/4cspYYA
Kitchen Platform,"Madesa Modular Kitchen Set Reims Line, 190 cm Wide, White Finish, Includes 120 cm Cabinet with Drawer and 70 cm Cabinet with Doors","35,999.",4.4 out of 5 stars,https://m.media-amazon.com/images/I/41nXCiaQ58L._SY300_SX300_QL70_ML2_.jpg,https://amzn.to/4mLCRjH
Kitchen Platform,"Madesa Compact Kitchen Set with Cabinets, Ample Storage 120 Cm Wide with Multiple Compartments, 8 niches, 1 Drawer and Suspended Kitchen - Brown/Grey","25,299.",Previous page,https://m.media-amazon.com/images/I/41HAQW1MuhL._SY300_SX300_QL70_ML2_.jpg,https://amzn.to/4comEh2
Kitchen Platform,"Madesa Compact Kitchen Set with Cabinets, Ample Storage 120 Cm Wide with Multiple Compartments, 8 niches, 1 Drawer and Suspended Kitchen(Brown/Beige), 1-Year Warranty","19,999.",3.9 out of 5 stars,https://m.media-amazon.com/images/I/414cNWlnbwL._SY300_SX300_QL70_ML2_.jpg,https://amzn.to/4e4BdHL
Kitchen Platform,"Madesa Compact Kitchen Set with Cabinets, Ample Storage 120 Cm Wide with Multiple Compartments, 5 niches, 1 Drawer and PVC feet - Brown/Black","31,399.",Previous page,https://m.media-amazon.com/images/I/31u1-4WqDtL._SY300_SX300_QL70_ML2_.jpg,https://amzn.to/4vMlUtJ
Kitchen Platform,"Madesa Engineered Wood Full Modular Kitchen Complete Set with Cabinets, Ample Storage 330 Cm Wide with 7 Cabinets, 1 Pull-Out Drawer, Wall Hang - Black","31,399.",4.3 out of 5 stars,https://m.media-amazon.com/images/I/41xRiDwL3sL._SY300_SX300_QL70_ML2_.jpg,https://amzn.to/4tVvOY4
Kitchen Platform,"Madesa Full Modular Kitchen Complete Set with Glass Cabinets Ample Storage 260 Cm Wide with 6 Cabinets, 1 Pull-Out Drawers, Wall Hang - White","94,799.",4.6 out of 5 stars,https://m.media-amazon.com/images/I/51xe-ffbyCL._SY300_SX300_QL70_ML2_.jpg,https://amzn.to/495OSuK
Kitchen Platform,"Madesa Compact Kitchen Set with Cabinets Ample Storage 120 Cm Wide with Multiple Compartments, 5 niches, 1 Drawers and PVC feet - Brown/Beige","19,999.",3.1 out of 5 stars,https://m.media-amazon.com/images/I/41YYTExKbdL._SY300_SX300_QL70_ML2_.jpg,https://amzn.to/4tsDrFT
Single Bed,Bniture Modern Single Size Bed with Storage Box | Engineered Wood Bed Designer Headboard | Wooden Single Cot Beds with Storage for Bedroom 3 Year Warranty (Flower Wenge),"10,999.",4.0 out of 5 stars,https://m.media-amazon.com/images/I/412HnEuE5PL._SY300_SX300_QL70_ML2_.jpg,https://amzn.to/42nXbhP
Single Bed,"Solid Sheesham Wood Single Bed | Bed for Bedroom, Hostel & Guest Room (Single Bed with Back Walnut)","8,899.",4.6 out of 5 stars,https://m.media-amazon.com/images/I/41FAEMR-i3L._SY300_SX300_QL70_ML2_.jpg,https://amzn.to/4sQo5d4
Single Bed,"Amazon Brand - Solimo Solid Sheesham Wood Mehraab Single Size Bed Without Storage with Headboard Wooden Palang Cots for Bedroom, Living Room (Natural Finish)","9,497.",4.2 out of 5 stars,https://m.media-amazon.com/images/I/4131aewrzQL._SY300_SX300_QL70_ML2_.jpg,https://amzn.to/4u9GHG9
Single Bed,Solid Sheesham Wood Single Bed for Adults | Natural Finish Wooden Cot | Strong Plywood Base | Size 74 x 38 x 15 Inches | Bedroom Furniture (Honey),"8,899.",4.1 out of 5 stars,https://m.media-amazon.com/images/I/41nCoWjdGiL._SY300_SX300_QL70_ML2_.jpg,https://amzn.to/4sO25PW
Single Bed,"Ganpati Arts Solid Sheesham Wood Louis Upholstered Single Size Bed Without Storage | Modern Design Wooden Single Bed Cot Palang Furniture for Bedroom, Guest Room, Hotels and Home (Mangolia, 4 Ft)","15,999.",4.1 out of 5 stars,https://m.media-amazon.com/images/I/41mSrjV-a5L._SY300_SX300_QL70_ML2_.jpg,https://amzn.to/4tYyFQ1
Single Bed,"Ganpati Arts Solid Sheesham Wood Louis Upholstered Single Size Bed Without Storage | Modern Design Wooden Single Bed Cot Palang Furniture for Bedroom, Guest Room, Hotels and Home (Teal, 4 Ft)","15,999.",4.1 out of 5 stars,https://m.media-amazon.com/images/I/41MCOlBbJQL._SY300_SX300_QL70_ML2_.jpg,https://amzn.to/4u5BVJz
Single Bed,Nilkamal SLEEP Striker Single Size Metal Bed (White),"7,490.",3.4 out of 5 stars,https://m.media-amazon.com/images/I/41ijpob9OSL._SY300_SX300_QL70_ML2_.jpg,https://amzn.to/4u9A5aJ
Single Bed,"DELITE KOM | 1 Year Warranty | Single Bed, Cherry Engineered Wood Bed with Box Storage & with Headboard Shelf Storage, Wooden Bed (83x37 Inches) | Installation Included | Color - Acacia Dark","10,999.",2.6 out of 5 stars,https://m.media-amazon.com/images/I/41nF0BB1a-L._SY300_SX300_QL70_ML2_.jpg,https://amzn.to/4tA6Jm4
Single Bed,STRATA FURNITURE Upholstered Single Size Bed Without Storage for Bedroom Furniture Solid Wood Fabric Bed Wooden Single Bed Cot Palang for Home Living Room and Hotels (White),"13,499.",4.2 out of 5 stars,https://m.media-amazon.com/images/I/51VMVYAqZTL._SY300_SX300_QL70_ML2_.jpg,https://amzn.to/41PvK0g
Single Bed,DesignFit Engineered Wood Single Deewan Bed with Box Storage for Bedroom Living Room Home - Walnut Finish | 1 Year Warranty,"10,999.",4.4 out of 5 stars,https://m.media-amazon.com/images/I/51rrG2JaRXL._SX300_SY300_QL70_ML2_.jpg,https://amzn.to/4tuNfz7
Sink,"Kohler Strive™ Kitchen Sink | 1.2 mm Thick Stainless Steel Single Bowl with SilentShield™ | 10"" Deep, Round Corners for Easy Cleaning | 30x18x10 inches, Brushed Matte Steel","18,800.",4.2 out of 5 stars,https://m.media-amazon.com/images/I/51Oo12XkVXL._SY300_SX300_QL70_ML2_.jpg,https://amzn.to/496q7i3
Sink,"Ruhe® Handmade Exclusive Single Bowl Kitchen Sink - 24x18x10 inches | Premium Stainless Steel Sink with Brushed Matte Finish | Kitchen Sink Including Coupling, Waste Pipe & Vegetable Washing Basket","4,999.",4.0 out of 5 stars,https://m.media-amazon.com/images/I/414lkQVicCL._SY300_SX300_QL70_ML2_.jpg,https://amzn.to/4vLUnIM
Sink,"Ruhe® Handmade Exclusive Single Bowl Kitchen Sink - 24x18x10 inches | Premium Stainless Steel Sink with Brushed Matte Finish | Kitchen Sink Including Coupling, Waste Pipe & Vegetable Washing Basket","4,999.",4.0 out of 5 stars,https://m.media-amazon.com/images/I/414lkQVicCL._SY300_SX300_QL70_ML2_.jpg,https://amzn.to/4e56jiv
Sink,"Plantex Heavy Duty Stainless Steel Kitchen Sink/Heavy-Duty Sink for Kitchen with 25 Years Warranty by Plantex/Single bowl Sink Square Coupling, Hose Pipes and Drain Rack (Matt-24 x 18 x 9 Inches)","4,899.",4.2 out of 5 stars,https://m.media-amazon.com/images/I/416ehPhEsZL._SY300_SX300_QL70_ML2_.jpg,https://amzn.to/48S5UfR
Sink,Plantex Quartz Sink for Kitchen/UV Protected Black Kitchen Sink/Granite Single Bowl Sinks/Undermount/Topmount (Black-24x18 Inches),"3,869.",4.0 out of 5 stars,https://m.media-amazon.com/images/I/51N2UK8jbLL._SY300_SX300_QL70_ML2_.jpg,https://amzn.to/41Tguzp
Sink,"BASINQU Kitchen Sink 24""x18""x9""Inch Waterfall Sink for Kitchen Basin 304 Stainless Steel Kitchen Sinks With Honeycomb Black Finish Design Fully Equipped Waterfall Integrated Pull Down Faucet","7,868.",5.0 out of 5 stars,https://m.media-amazon.com/images/I/51JI4kWP6gL._SY300_SX300_QL70_ML2_.jpg,https://amzn.to/4e56lH9
Sink,HARDSTONE Premium Stainless Steel Single Bowl Kitchen Sink | Handmade 304 Grade Matt Finish | Heavy Duty 1mm Thickness with Drainer Kit & Vegetable Basket | 21x18x9 Inch Silver Sink for Modern Homes,"4,499.",4.9 out of 5 stars,https://m.media-amazon.com/images/I/41IDvra3R2L._SY300_SX300_QL70_ML2_.jpg,https://amzn.to/3QWc0FN
Sink,"Hardstone Quartz Sink For Kitchen 24x18x8.5 IN – Cool Ivory Granite Kitchen Sink With Waste coupling & PVC Pipe | Smooth Finish, UV Protected, Top & Under Mount Sink | Sink With 10 Year Warranty","3,199.",4.1 out of 5 stars,https://m.media-amazon.com/images/I/41UDNVA0U6L._SY300_SX300_QL70_ML2_.jpg,https://amzn.to/4mI4Gtf
Sink,"PLANETXERO 37x18"" Stainless Steel Kitchen Sink | Single Bowl with Draind Board Glossy Finish | Includes PVC Coupling & Waste Pipe | Anti-Rust","1,499.",2.9 out of 5 stars,https://m.media-amazon.com/images/I/41ReL7EK+OL._SY300_SX300_QL70_ML2_.jpg,https://amzn.to/48dZiIv
Sink,"Plantex Platinum Tabletop Wash Basin for bathroom/Countertop Ceramic Washbasin/10 Years Glaze Warranty by Plantex (White, 23.5 x 13.5 x 4.5 Inch)","2,999.",4.1 out of 5 stars,https://m.media-amazon.com/images/I/51ACamTXbYL._SY300_SX300_QL70_ML2_.jpg,https://amzn.to/4vQy84E
Sofa,"AMATA Marino 3 Seater Sofa Camel Suede Velvet Sofa Set with Two Cushions Perfect for Home Office Guests Living Room (01 Camel, 3 Seater)(3 Year Warranty)","16,489.",4.5 out of 5 stars,https://m.media-amazon.com/images/I/51fXK9xpzmL._SY300_SX300_QL70_ML2_.jpg,https://amzn.to/4vLVlVk
Sofa,"Wood 3 Seater Sofa Cum Bed | Soft Velvet Upholstery | Multi-Functional Convertible Couch for Living Room, Guest Room & Small Spaces - Brown Color","6,500.",5.0 out of 5 stars,https://m.media-amazon.com/images/I/41yrx4XTHHL._SY300_SX300_QL70_ML2_.jpg,https://amzn.to/494RaKC
Sofa,Milan 4 Seater Sofa | Luxury Comfort & Extra Spacious | Sofa | Sofa Set | Wooden Sofa Set for Living Room | Sofa for Living Room & Office (Chenille Molfino - Beige),"15,999.",3.9 out of 5 stars,https://m.media-amazon.com/images/I/412O7bXOSnL._SX300_SY300_QL70_ML2_.jpg,https://amzn.to/3QoQVUl
Sofa,Adorn India Premium Luster 3 Seater | Velvet Suede Fabric | 3-Year Warranty | Color Grey with Golden Legs & Striped Pattern Cushion,"16,489.",4.6 out of 5 stars,https://m.media-amazon.com/images/I/41MEaIbxROL._SX300_SY300_QL70_ML2_.jpg,https://amzn.to/4vI9fb4
Sofa,"AMATA Omega Solid Wood 4 Seater L Shape Grey Suede Velvet Fabric Sofa Set with Four Cushions Perfect for Home Office Guests Living Room (03 Grey, Omega L Shape 4 SSEATER)(3 Year Warranty)","19,999.",4.5 out of 5 stars,https://m.media-amazon.com/images/I/41DkomI3vjL._SY300_SX300_QL70_ML2_.jpg,https://amzn.to/4sUxyAb
Sofa,Adorn India Premium Luster 4 Seater L Shape Sofa Set | Velvet Suede Fabric | 3-Year Warranty | Color Beige with Golden Legs & Striped Pattern Cushion,"19,049.",4.6 out of 5 stars,https://m.media-amazon.com/images/I/51-khyTw1UL._SY300_SX300_QL70_ML2_.jpg,https://amzn.to/3QUB1RH
Sofa,"FURNY Carlo 4 Seater - L Shape Convertible Sofa Set for Living Room Furniture Sets 3 Piece Small Sofa, Modular Sectional Couch for Small Space, Upholstery-Velvet Fabric (Teal)","11,899.",3.4 out of 5 stars,https://m.media-amazon.com/images/I/51q+cFuO4RL._SY300_SX300_QL70_ML2_.jpg,https://amzn.to/4trrmAH
Sofa,FURNY Premium Joy 4 Seater Fabric L Shape Sofa Set - 3 Seater Modern Sofa Set with Ottoman for Living Room | with Velvet Fabric | 3- Year Warranty in Dark Grey Color,"13,749.",5.0 out of 5 stars,https://m.media-amazon.com/images/I/41J3JGE0zuL._SY300_SX300_QL70_ML2_.jpg,https://amzn.to/48hZI0B
Sofa,FURNY Chromano Fabric 4 Seater L Shape Sofa Set 3 Seater Modern Sofa Set & Ottoman for Living Room (Dual Brown Color),"11,499.",3.4 out of 5 stars,https://m.media-amazon.com/images/I/41jhdoskPzL._SY300_SX300_QL70_ML2_.jpg,https://amzn.to/4tmLeVz
Sofa,"3 Seater Fabric Sofa Set for Living Room, Home & Office | Fabric Color:- Grey & Black","13,909.",3.9 out of 5 stars,https://m.media-amazon.com/images/I/41gsvhsZ-QL._SY300_SX300_QL70_ML2_.jpg,https://amzn.to/4cZxdaw
Study Table,Solid Sheesham Wood Study Table Without Chair & with Multi Storage Space for Study Room/Office/Work from Home || Sheesham Wood Study Table || Freestanding || (Warm Chestnut Finish),"16,499.",5.0 out of 5 stars,https://m.media-amazon.com/images/I/41gcHU54LhL._SY300_SX300_QL70_ML2_.jpg,https://amzn.to/3OWuqpm
Study Table,"120x60x75cm Engineered Wood Study & Office Table with 1 Drawer & Cabinet | Termite & Scratch Resistant, Ample Leg Space, Sturdy Desk for Students | 1 Year Warranty- Teak Walnut","5,889.",4.6 out of 5 stars,https://m.media-amazon.com/images/I/41-k+YsYRWL._SY300_SX300_QL70_ML2_.jpg,https://amzn.to/3QqHy6H
Study Table,"Callas Engineered Wooden Study Table with Hutch & Bottom Storage, Office Work Desk for Laptop Study Computer Table for Home (ST-05-White)","4,179.",3.7 out of 5 stars,https://m.media-amazon.com/images/I/412BRboiTUL._SY300_SX300_QL70_ML2_.jpg,https://amzn.to/4ttJMRa
Study Table,Royaloak Lucy Computer Table for Home Office | Durable Engineered Wood with Melamine Finish | Thick Table Top & Spacious Legroom | Modern Design with Convenient Drawer Storage,"6,989.",5.0 out of 5 stars,https://m.media-amazon.com/images/I/41+ymOnA0aL._SY300_SX300_QL70_ML2_.jpg,https://amzn.to/3QpN4q5
Study Table,Nityam Multipurpose Computer Table with Drawer | Study Table with Book Shelf for Student |Office Table for Work Home (Color-White),"8,500.",4.2 out of 5 stars,https://m.media-amazon.com/images/I/4109PnsX1+L._SY300_SX300_QL70_ML2_.jpg,https://amzn.to/4twaYPs
Study Table,"Green Soul Nexus Study Table for Home & Office & Office, 3 Drawers & 1 Shelf, Expansive Tabletop, is 3087 Engineered Wood, for Adults, Students & Professionals, Wenge, 3 Year Warranty","6,990.",3.9 out of 5 stars,https://m.media-amazon.com/images/I/411P+fdsfDL._SY300_SX300_QL70_ML2_.jpg,https://amzn.to/48lzs5s
Study Table,"Green Soul Kyoto Foldable Study Table with Space-Saving Design, Expansive Tabletop, Storage Shelves, IS-3087 Engineered Wood, Ideal for Study, Bedroom, or Home Office, White & Oak, 3 Year Warranty","4,899.",4.7 out of 5 stars,https://m.media-amazon.com/images/I/41NXBo2JwbL._SY300_SX300_QL70_ML2_.jpg,https://amzn.to/4vRxNie
Study Table,Spyder Craft Liard Engineering Wood Modern Office Desk Study Table Computer Table for Office Work from Home Kids Study Room Workstation with Storage - Color Noyce Lyon (White),"6,319.",3.6 out of 5 stars,https://m.media-amazon.com/images/I/41WZn6pP3FL._SY300_SX300_QL70_ML2_.jpg,https://amzn.to/4cqM6Cz
Study Table,Lukzer ST-009 White Multi-Purpose Computer Desk with Bookshelf | Engineered Wood | Study Table for Students & Adults | Laptop Table for Home Office Gaming & Workstation | (100x50x134 cm),"5,699.",3.7 out of 5 stars,https://m.media-amazon.com/images/I/41Q8hC2H98L._SY300_SX300_QL70_ML2_.jpg,https://amzn.to/48jEK1g
Study Table,"DeckUp Zeus Engineered Wood Study & Computer Table and Office Desk (Walnut, Matte Finish)","5,799.",4.5 out of 5 stars,https://m.media-amazon.com/images/I/41Zlbx337qL._SX300_SY300_QL70_ML2_.jpg,https://amzn.to/4cqvSJH
Table,"Green Soul Allure Engineered Wood Coffee Table (Gold Cherry) | Center Table for Living Room | 1 Surface Top, 2 Shelves | Warranty Protected","3,390.",4.3 out of 5 stars,https://m.media-amazon.com/images/I/41Z-qkDd+BL._SY300_SX300_QL70_ML2_.jpg,https://amzn.to/4mI55Mh
Table,"ABOUT SPACE Coffee Table - Portable Wooden Centre Table with Storage & Open Rack - DIY Furniture - Sofa Tea Poyee for Living Room, Home, Office (White & Walnut - L 90 x B 40 x H 45 cm)","3,099.",3.8 out of 5 stars,https://m.media-amazon.com/images/I/51JI7vl5u3L._SY300_SX300_QL70_ML2_.jpg,https://amzn.to/3Qi1Nn5
Table,"Shoppee Modern 2-Tier Center Table with Engineered Wooden Top & Gold Metal Frame, Cocktail Sofa Table Living Room, Elegant Coffee Table – for Home, Office, Dining (Brown & Gold)","3,299.",3.5 out of 5 stars,https://m.media-amazon.com/images/I/51wrVWPu+bL._SX300_SY300_QL70_ML2_.jpg,https://amzn.to/4u4BpeX
Table,"FURLAY LatteEdge Engineered Wood Coffee Table with Bottom Shelf – 90 x 55 x 40 cm (001, Woodland)","2,499.",4.5 out of 5 stars,https://m.media-amazon.com/images/I/51R0mMxB6rL._SY300_SX300_QL70_ML2_.jpg,https://amzn.to/41LgKAx
Table,Royaloak Ivory Coffee Table | Engineered Wood | Melamine Finish | Bottom Shelf | Dual Color | Modern Design | Wooden Coffee Table,"2,990.",3.7 out of 5 stars,https://m.media-amazon.com/images/I/41lb1uHrtCL._SY300_SX300_QL70_ML2_.jpg,https://amzn.to/4cLVBeF
Table,Redwud Huxley Console Tables Sofa Table Side Table Hallway Enteryway Living Room Wood Top & Metal Frame (Walnut/Golden) D.I.Y,"2,699.",3.9 out of 5 stars,https://m.media-amazon.com/images/I/4132rgMWoSL._SY300_SX300_QL70_ML2_.jpg,https://amzn.to/4w3Fy4L
Table,"Modern Round Coffee Table with Faux Marble Top and Gold Metal Frame – Contemporary Center Table for Living Room, Small Space Accent Cocktail Table for Apartment, Office (Black & Grey)","3,199.",3.0 out of 5 stars,https://m.media-amazon.com/images/I/411oHpu8FkL._SY300_SX300_QL70_ML2_.jpg,https://amzn.to/4d17zlG
Table,"Solid Sheesham Wood Console Table for Living Room | Wooden Side Entrance Table for Home with 2 Drawers & Shelf Storage | Entryway/Foyer Table | Rosewood, Honey Finish","9,599.",4.4 out of 5 stars,https://m.media-amazon.com/images/I/51t5coL+PQL._SY300_SX300_QL70_ML2_.jpg,https://amzn.to/4vKKcnZ
Table,"AASALIYA Art Sheesham Wood Rectangle Center Coffee Table for Living Room | Centre Table for Drawing Room, Office & Home | Multicolor Tiles Design| Walnut Finish","5,799.",4.2 out of 5 stars,https://m.media-amazon.com/images/I/41g5KBwCdyL._SY300_SX300_QL70_ML2_.jpg,https://amzn.to/4u2iGAz
Table,"Wooden Console Table with 2 Drawers, Natural Wood Top, Curved Legs, Entryway Sofa Table, Sheesham Wood Study Table with Shelf Storage, 46Lx17Wx30H Inches. (Denim Blue)","13,499.",Previous page,https://m.media-amazon.com/images/I/41geB6ACZ8L._SX300_SY300_QL70_ML2_.jpg,https://amzn.to/4u4BUpl
